[{"id":1, "group_id":1, "parent_id":0, "type":"textbox", "name":"Nome", "description":"", "is_required":1, "is_default_option":0, "field_order":0, "option_order":0, "order_by":"", "can_delete":0},
 {"id":7, "group_id":1, "parent_id":0, "type":"selectbox", "name":"Pa\u00eds", "description":"", "is_required":1, "is_default_option":0, "field_order":5, "option_order":0, "order_by":"custom", "can_delete":1},
 {"id":26, "group_id":1, "parent_id":0, "type":"selectbox", "name":"Estado", "description":"", "is_required":1, "is_default_option":0, "field_order":7, "option_order":0, "order_by":"custom", "can_delete":1},
 {"id":27, "group_id":1, "parent_id":0, "type":"textbox", "name":"Cidade", "description":"", "is_required":0, "is_default_option":0, "field_order":9, "option_order":0, "order_by":"", "can_delete":1},
 {"id":118, "group_id":2, "parent_id":0, "type":"textarea", "name":"Forma\u00e7\u00e3o Acad\u00eamica (Gradua\u00e7\u00e3o, P\u00f3s, Mestrado, Doutorado, etc.)", "description":"Escreva em internamente todas as suas forma\u00e7\u00f5es Acad\u00eamicas. Pode colocar mais de uma!\r\nEx:\r\nInstitui\u00e7\u00e3o\r\nCurso\r\nAno de Conclus\u00e3o", "is_required":0, "is_default_option":0, "field_order":1, "option_order":0, "order_by":"", "can_delete":1},
 {"id":119, "group_id":3, "parent_id":0, "type":"textbox", "name":"Cargo ou Fun\u00e7\u00e3o Atual", "description":"", "is_required":0, "is_default_option":0, "field_order":1, "option_order":0, "order_by":"", "can_delete":1},
 {"id":120, "group_id":1, "parent_id":0, "type":"textbox", "name":"Titulo", "description":"", "is_required":0, "is_default_option":0, "field_order":6, "option_order":0, "order_by":"", "can_delete":1},
 {"id":121, "group_id":1, "parent_id":0, "type":"textarea", "name":"Biografia", "description":"", "is_required":0, "is_default_option":0, "field_order":4, "option_order":0, "order_by":"", "can_delete":1},
 {"id":158, "group_id":1, "parent_id":0, "type":"selectbox", "name":"Area de Atua\u00e7\u00e3o", "description":"", "is_required":1, "is_default_option":0, "field_order":10, "option_order":0, "order_by":"asc", "can_delete":1},
 {"id":165, "group_id":1, "parent_id":0, "type":"textbox", "name":"E-mail", "description":"", "is_required":0, "is_default_option":0, "field_order":11, "option_order":0, "order_by":"", "can_delete":1},
 {"id":166, "group_id":1, "parent_id":0, "type":"telephone", "name":"Telefone", "description":"", "is_required":0, "is_default_option":0, "field_order":12, "option_order":0, "order_by":"", "can_delete":1},
 {"id":167, "group_id":1, "parent_id":0, "type":"textbox", "name":"Site", "description":"", "is_required":0, "is_default_option":0, "field_order":13, "option_order":0, "order_by":"", "can_delete":1},
 {"id":168, "group_id":1, "parent_id":0, "type":"selectbox", "name":"Qual seu g\u00eanero? ", "description":"", "is_required":1, "is_default_option":0, "field_order":8, "option_order":0, "order_by":"custom", "can_delete":1},
 {"id":229, "group_id":1, "parent_id":158, "type":"option", "name":"Desenvolvimento de Software", "description":"", "is_required":0, "is_default_option":0, "field_order":0, "option_order":1, "order_by":"", "can_delete":1},
 {"id":230, "group_id":1, "parent_id":158, "type":"option", "name":"Governan\u00e7a em TI", "description":"", "is_required":0, "is_default_option":0, "field_order":0, "option_order":2, "order_by":"", "can_delete":1},
 {"id":231, "group_id":1, "parent_id":158, "type":"option", "name":"Infraestrutura", "description":"", "is_required":0, "is_default_option":0, "field_order":0, "option_order":3, "order_by":"", "can_delete":1},
 {"id":232, "group_id":1, "parent_id":158, "type":"option", "name":"Inova\u00e7\u00e3o em TI", "description":"", "is_required":0, "is_default_option":0, "field_order":0, "option_order":4, "order_by":"", "can_delete":1},
 {"id":233, "group_id":1, "parent_id":158, "type":"option", "name":"Seguran\u00e7a da Informa\u00e7\u00e3o", "description":"", "is_required":0, "is_default_option":0, "field_order":0, "option_order":5, "order_by":"", "can_delete":1},
 {"id":234, "group_id":1, "parent_id":158, "type":"option", "name":"Suporte e Opera\u00e7\u00f5es de TI", "description":"", "is_required":0, "is_default_option":0, "field_order":0, "option_order":6, "order_by":"", "can_delete":1},
 {"id":235, "group_id":1, "parent_id":158, "type":"option", "name":"Design e Experi\u00eancia do Usu\u00e1rio (UX/UI)", "description":"", "is_required":0, "is_default_option":0, "field_order":0, "option_order":7, "order_by":"", "can_delete":1},
 {"id":236, "group_id":1, "parent_id":158, "type":"option", "name":"Administra\u00e7\u00e3o de Redes e Sistemas", "description":"", "is_required":0, "is_default_option":0, "field_order":0, "option_order":8, "order_by":"", "can_delete":1},
 {"id":237, "group_id":1, "parent_id":158, "type":"option", "name":"Banco de Dados", "description":"", "is_required":0, "is_default_option":0, "field_order":0, "option_order":9, "order_by":"", "can_delete":1},
 {"id":238, "group_id":1, "parent_id":158, "type":"option", "name":"Gest\u00e3o de Projetos", "description":"", "is_required":0, "is_default_option":0, "field_order":0, "option_order":10, "order_by":"", "can_delete":1},
 {"id":239, "group_id":1, "parent_id":158, "type":"option", "name":"Intelig\u00eancia Artificial", "description":"", "is_required":0, "is_default_option":0, "field_order":0, "option_order":11, "order_by":"", "can_delete":1},
 {"id":240, "group_id":1, "parent_id":158, "type":"option", "name":"Consultoria e Treinamento em TI", "description":"", "is_required":0, "is_default_option":0, "field_order":0, "option_order":12, "order_by":"", "can_delete":1},
 {"id":241, "group_id":1, "parent_id":158, "type":"option", "name":"Automa\u00e7\u00e3o e Rob\u00f3tica", "description":"", "is_required":0, "is_default_option":0, "field_order":0, "option_order":13, "order_by":"", "can_delete":1},
 {"id":242, "group_id":1, "parent_id":158, "type":"option", "name":"Realidade Aumentada (AR) e Realidade Virtual (VR)", "description":"", "is_required":0, "is_default_option":0, "field_order":0, "option_order":14, "order_by":"", "can_delete":1},
 {"id":243, "group_id":1, "parent_id":158, "type":"option", "name":"Pesquisa e Desenvolvimento (P&D)", "description":"", "is_required":0, "is_default_option":0, "field_order":0, "option_order":15, "order_by":"", "can_delete":1},
 {"id":244, "group_id":1, "parent_id":158, "type":"option", "name":"Marketing Digital e SEO", "description":"", "is_required":0, "is_default_option":0, "field_order":0, "option_order":16, "order_by":"", "can_delete":1},
 {"id":245, "group_id":1, "parent_id":168, "type":"option", "name":"Masculino", "description":"", "is_required":0, "is_default_option":0, "field_order":0, "option_order":1, "order_by":"", "can_delete":1},
 {"id":246, "group_id":1, "parent_id":168, "type":"option", "name":"Feminino", "description":"", "is_required":0, "is_default_option":0, "field_order":0, "option_order":2, "order_by":"", "can_delete":1},
 {"id":247, "group_id":1, "parent_id":168, "type":"option", "name":"Prefiro n\u00e3o dizer", "description":"", "is_required":0, "is_default_option":0, "field_order":0, "option_order":3, "order_by":"", "can_delete":1},
 {"id":258, "group_id":1, "parent_id":0, "type":"textbox", "name":"Sobrenome", "description":"", "is_required":1, "is_default_option":0, "field_order":2, "option_order":0, "order_by":"", "can_delete":0},
 {"id":259, "group_id":1, "parent_id":0, "type":"textbox", "name":"Nome de usu\u00e1rio", "description":"", "is_required":1, "is_default_option":0, "field_order":1, "option_order":0, "order_by":"", "can_delete":0},
 {"id":275, "group_id":2, "parent_id":0, "type":"textarea", "name":"Certifica\u00e7\u00f5es Profissionais (Ex: ITIL, PMP, AWS, etc.)", "description":"Coloque cada certifica\u00e7\u00e3o seguindo o padr\u00e3o abaixo:\r\nEx:\r\nNome da Certifica\u00e7\u00e3o\r\nInstitui\u00e7\u00e3o Emitente\r\nData de Conclus\u00e3o\r\nValidade (se houver)", "is_required":0, "is_default_option":0, "field_order":2, "option_order":0, "order_by":"", "can_delete":1},
 {"id":276, "group_id":3, "parent_id":0, "type":"textarea", "name":"Principais Tecnologias/Ferramentas Utilizadas", "description":"", "is_required":0, "is_default_option":0, "field_order":2, "option_order":0, "order_by":"", "can_delete":1},
 {"id":277, "group_id":3, "parent_id":0, "type":"textbox", "name":"Tempo de Experi\u00eancia na \u00c1rea de TI", "description":"", "is_required":0, "is_default_option":0, "field_order":3, "option_order":0, "order_by":"", "can_delete":1},
 {"id":278, "group_id":3, "parent_id":0, "type":"textarea", "name":"Habilidades e Compet\u00eancias T\u00e9cnicas", "description":"", "is_required":0, "is_default_option":0, "field_order":4, "option_order":0, "order_by":"", "can_delete":1},
 {"id":279, "group_id":3, "parent_id":0, "type":"textarea", "name":"Idiomas e N\u00edvel de Profici\u00eancia", "description":"", "is_required":0, "is_default_option":0, "field_order":5, "option_order":0, "order_by":"", "can_delete":1},
 {"id":283, "group_id":2, "parent_id":0, "type":"textarea", "name":"Forma\u00e7\u00e3o Acad\u00eamica (Gradua\u00e7\u00e3o, P\u00f3s, Mestrado, Doutorado, etc.)", "description":"Escreva em internamente todas as suas forma\u00e7\u00f5es Acad\u00eamicas. Pode colocar mais de uma!\r\nEx:\r\nInstitui\u00e7\u00e3o\r\nCurso\r\nAno de Conclus\u00e3o", "is_required":0, "is_default_option":0, "field_order":101, "option_order":0, "order_by":"", "can_delete":1},
 {"id":284, "group_id":2, "parent_id":0, "type":"textarea", "name":"Certifica\u00e7\u00f5es Profissionais (Ex: ITIL, PMP, AWS, etc.)", "description":"Coloque cada certifica\u00e7\u00e3o seguindo o padr\u00e3o abaixo:\r\nEx:\r\nNome da Certifica\u00e7\u00e3o\r\nInstitui\u00e7\u00e3o Emitente\r\nData de Conclus\u00e3o\r\nValidade (se houver)", "is_required":0, "is_default_option":0, "field_order":102, "option_order":0, "order_by":"", "can_delete":1},
 {"id":286, "group_id":6, "parent_id":0, "type":"textarea", "name":"Experi\u00eancias", "description":"Nome da Empresa\r\nCargo Ocupado\r\nPer\u00edodo (Data de In\u00edcio - Data de Sa\u00edda)\r\nPrincipais Atividades e Responsabilidades", "is_required":0, "is_default_option":0, "field_order":1, "option_order":0, "order_by":"", "can_delete":1},
 {"id":287, "group_id":6, "parent_id":0, "type":"textarea", "name":"Experi\u00eancias", "description":"Nome da Empresa\r\nCargo Ocupado\r\nPer\u00edodo (Data de In\u00edcio - Data de Sa\u00edda)\r\nPrincipais Atividades e Responsabilidades", "is_required":0, "is_default_option":0, "field_order":101, "option_order":0, "order_by":"0", "can_delete":1},
 {"id":288, "group_id":6, "parent_id":0, "type":"textarea", "name":"Experi\u00eancias", "description":"Nome da Empresa\r\nCargo Ocupado\r\nPer\u00edodo (Data de In\u00edcio - Data de Sa\u00edda)\r\nPrincipais Atividades e Responsabilidades", "is_required":0, "is_default_option":0, "field_order":201, "option_order":0, "order_by":"0", "can_delete":1},
 {"id":289, "group_id":2, "parent_id":0, "type":"textarea", "name":"Forma\u00e7\u00e3o Acad\u00eamica (Gradua\u00e7\u00e3o, P\u00f3s, Mestrado, Doutorado, etc.)", "description":"Escreva em internamente todas as suas forma\u00e7\u00f5es Acad\u00eamicas. Pode colocar mais de uma!\r\nEx:\r\nInstitui\u00e7\u00e3o\r\nCurso\r\nAno de Conclus\u00e3o", "is_required":0, "is_default_option":0, "field_order":201, "option_order":0, "order_by":"", "can_delete":1},
 {"id":290, "group_id":2, "parent_id":0, "type":"textarea", "name":"Certifica\u00e7\u00f5es Profissionais (Ex: ITIL, PMP, AWS, etc.)", "description":"Coloque cada certifica\u00e7\u00e3o seguindo o padr\u00e3o abaixo:\r\nEx:\r\nNome da Certifica\u00e7\u00e3o\r\nInstitui\u00e7\u00e3o Emitente\r\nData de Conclus\u00e3o\r\nValidade (se houver)", "is_required":0, "is_default_option":0, "field_order":202, "option_order":0, "order_by":"", "can_delete":1},
 {"id":291, "group_id":6, "parent_id":0, "type":"textarea", "name":"Experi\u00eancias", "description":"Nome da Empresa\r\nCargo Ocupado\r\nPer\u00edodo (Data de In\u00edcio - Data de Sa\u00edda)\r\nPrincipais Atividades e Responsabilidades", "is_required":0, "is_default_option":0, "field_order":301, "option_order":0, "order_by":"", "can_delete":1},
 {"id":292, "group_id":6, "parent_id":0, "type":"textarea", "name":"Experi\u00eancias", "description":"Nome da Empresa\r\nCargo Ocupado\r\nPer\u00edodo (Data de In\u00edcio - Data de Sa\u00edda)\r\nPrincipais Atividades e Responsabilidades", "is_required":0, "is_default_option":0, "field_order":401, "option_order":0, "order_by":"", "can_delete":1},
 {"id":293, "group_id":6, "parent_id":0, "type":"textarea", "name":"Experi\u00eancias", "description":"Nome da Empresa\r\nCargo Ocupado\r\nPer\u00edodo (Data de In\u00edcio - Data de Sa\u00edda)\r\nPrincipais Atividades e Responsabilidades", "is_required":0, "is_default_option":0, "field_order":501, "option_order":0, "order_by":"", "can_delete":1},
 {"id":294, "group_id":2, "parent_id":0, "type":"textarea", "name":"Forma\u00e7\u00e3o Acad\u00eamica (Gradua\u00e7\u00e3o, P\u00f3s, Mestrado, Doutorado, etc.)", "description":"Escreva em internamente todas as suas forma\u00e7\u00f5es Acad\u00eamicas. Pode colocar mais de uma!\r\nEx:\r\nInstitui\u00e7\u00e3o\r\nCurso\r\nAno de Conclus\u00e3o", "is_required":0, "is_default_option":0, "field_order":301, "option_order":0, "order_by":"", "can_delete":1},
 {"id":295, "group_id":2, "parent_id":0, "type":"textarea", "name":"Certifica\u00e7\u00f5es Profissionais (Ex: ITIL, PMP, AWS, etc.)", "description":"Coloque cada certifica\u00e7\u00e3o seguindo o padr\u00e3o abaixo:\r\nEx:\r\nNome da Certifica\u00e7\u00e3o\r\nInstitui\u00e7\u00e3o Emitente\r\nData de Conclus\u00e3o\r\nValidade (se houver)", "is_required":0, "is_default_option":0, "field_order":302, "option_order":0, "order_by":"", "can_delete":1},
 {"id":296, "group_id":2, "parent_id":0, "type":"textarea", "name":"Forma\u00e7\u00e3o Acad\u00eamica (Gradua\u00e7\u00e3o, P\u00f3s, Mestrado, Doutorado, etc.)", "description":"Escreva em internamente todas as suas forma\u00e7\u00f5es Acad\u00eamicas. Pode colocar mais de uma!\r\nEx:\r\nInstitui\u00e7\u00e3o\r\nCurso\r\nAno de Conclus\u00e3o", "is_required":0, "is_default_option":0, "field_order":401, "option_order":0, "order_by":"", "can_delete":1},
 {"id":297, "group_id":2, "parent_id":0, "type":"textarea", "name":"Certifica\u00e7\u00f5es Profissionais (Ex: ITIL, PMP, AWS, etc.)", "description":"Coloque cada certifica\u00e7\u00e3o seguindo o padr\u00e3o abaixo:\r\nEx:\r\nNome da Certifica\u00e7\u00e3o\r\nInstitui\u00e7\u00e3o Emitente\r\nData de Conclus\u00e3o\r\nValidade (se houver)", "is_required":0, "is_default_option":0, "field_order":402, "option_order":0, "order_by":"", "can_delete":1},
 {"id":298, "group_id":2, "parent_id":0, "type":"textarea", "name":"Forma\u00e7\u00e3o Acad\u00eamica (Gradua\u00e7\u00e3o, P\u00f3s, Mestrado, Doutorado, etc.)", "description":"Escreva em internamente todas as suas forma\u00e7\u00f5es Acad\u00eamicas. Pode colocar mais de uma!\r\nEx:\r\nInstitui\u00e7\u00e3o\r\nCurso\r\nAno de Conclus\u00e3o", "is_required":0, "is_default_option":0, "field_order":501, "option_order":0, "order_by":"", "can_delete":1},
 {"id":299, "group_id":2, "parent_id":0, "type":"textarea", "name":"Certifica\u00e7\u00f5es Profissionais (Ex: ITIL, PMP, AWS, etc.)", "description":"Coloque cada certifica\u00e7\u00e3o seguindo o padr\u00e3o abaixo:\r\nEx:\r\nNome da Certifica\u00e7\u00e3o\r\nInstitui\u00e7\u00e3o Emitente\r\nData de Conclus\u00e3o\r\nValidade (se houver)", "is_required":0, "is_default_option":0, "field_order":502, "option_order":0, "order_by":"", "can_delete":1},
 {"id":300, "group_id":2, "parent_id":0, "type":"textarea", "name":"Forma\u00e7\u00e3o Acad\u00eamica (Gradua\u00e7\u00e3o, P\u00f3s, Mestrado, Doutorado, etc.)", "description":"Escreva em internamente todas as suas forma\u00e7\u00f5es Acad\u00eamicas. Pode colocar mais de uma!\r\nEx:\r\nInstitui\u00e7\u00e3o\r\nCurso\r\nAno de Conclus\u00e3o", "is_required":0, "is_default_option":0, "field_order":601, "option_order":0, "order_by":"", "can_delete":1},
 {"id":301, "group_id":2, "parent_id":0, "type":"textarea", "name":"Certifica\u00e7\u00f5es Profissionais (Ex: ITIL, PMP, AWS, etc.)", "description":"Coloque cada certifica\u00e7\u00e3o seguindo o padr\u00e3o abaixo:\r\nEx:\r\nNome da Certifica\u00e7\u00e3o\r\nInstitui\u00e7\u00e3o Emitente\r\nData de Conclus\u00e3o\r\nValidade (se houver)", "is_required":0, "is_default_option":0, "field_order":602, "option_order":0, "order_by":"", "can_delete":1},
 {"id":302, "group_id":1, "parent_id":7, "type":"option", "name":"Australia", "description":"", "is_required":0, "is_default_option":0, "field_order":0, "option_order":1, "order_by":"", "can_delete":1},
 {"id":303, "group_id":1, "parent_id":7, "type":"option", "name":"Canada", "description":"", "is_required":0, "is_default_option":0, "field_order":0, "option_order":2, "order_by":"", "can_delete":1},
 {"id":304, "group_id":1, "parent_id":7, "type":"option", "name":"Colombia", "description":"", "is_required":0, "is_default_option":0, "field_order":0, "option_order":3, "order_by":"", "can_delete":1},
 {"id":305, "group_id":1, "parent_id":7, "type":"option", "name":"France", "description":"", "is_required":0, "is_default_option":0, "field_order":0, "option_order":4, "order_by":"", "can_delete":1},
 {"id":306, "group_id":1, "parent_id":7, "type":"option", "name":"Germany", "description":"", "is_required":0, "is_default_option":0, "field_order":0, "option_order":5, "order_by":"", "can_delete":1},
 {"id":307, "group_id":1, "parent_id":7, "type":"option", "name":"Holanda", "description":"", "is_required":0, "is_default_option":0, "field_order":0, "option_order":6, "order_by":"", "can_delete":1},
 {"id":308, "group_id":1, "parent_id":7, "type":"option", "name":"India", "description":"", "is_required":0, "is_default_option":0, "field_order":0, "option_order":7, "order_by":"", "can_delete":1},
 {"id":309, "group_id":1, "parent_id":7, "type":"option", "name":"Spain", "description":"", "is_required":0, "is_default_option":0, "field_order":0, "option_order":8, "order_by":"", "can_delete":1},
 {"id":310, "group_id":1, "parent_id":7, "type":"option", "name":"UK", "description":"", "is_required":0, "is_default_option":0, "field_order":0, "option_order":9, "order_by":"", "can_delete":1},
 {"id":311, "group_id":1, "parent_id":7, "type":"option", "name":"USA", "description":"", "is_required":0, "is_default_option":0, "field_order":0, "option_order":10, "order_by":"", "can_delete":1},
 {"id":312, "group_id":1, "parent_id":7, "type":"option", "name":"Brasil", "description":"", "is_required":0, "is_default_option":1, "field_order":0, "option_order":11, "order_by":"", "can_delete":1},
 {"id":314, "group_id":1, "parent_id":26, "type":"option", "name":"Acre (AC)", "description":"", "is_required":0, "is_default_option":0, "field_order":0, "option_order":1, "order_by":"", "can_delete":1},
 {"id":315, "group_id":1, "parent_id":26, "type":"option", "name":"Alagoas (AL)", "description":"", "is_required":0, "is_default_option":0, "field_order":0, "option_order":2, "order_by":"", "can_delete":1},
 {"id":316, "group_id":1, "parent_id":26, "type":"option", "name":"Amap\u00e1 (AP)", "description":"", "is_required":0, "is_default_option":0, "field_order":0, "option_order":3, "order_by":"", "can_delete":1},
 {"id":317, "group_id":1, "parent_id":26, "type":"option", "name":"Amazonas (AM)", "description":"", "is_required":0, "is_default_option":0, "field_order":0, "option_order":4, "order_by":"", "can_delete":1},
 {"id":318, "group_id":1, "parent_id":26, "type":"option", "name":"Bahia (BA)", "description":"", "is_required":0, "is_default_option":0, "field_order":0, "option_order":5, "order_by":"", "can_delete":1},
 {"id":319, "group_id":1, "parent_id":26, "type":"option", "name":"Cear\u00e1 (CE)", "description":"", "is_required":0, "is_default_option":0, "field_order":0, "option_order":6, "order_by":"", "can_delete":1},
 {"id":320, "group_id":1, "parent_id":26, "type":"option", "name":"Distrito Federal (DF)", "description":"", "is_required":0, "is_default_option":0, "field_order":0, "option_order":7, "order_by":"", "can_delete":1},
 {"id":321, "group_id":1, "parent_id":26, "type":"option", "name":"Esp\u00edrito Santo (ES)", "description":"", "is_required":0, "is_default_option":0, "field_order":0, "option_order":8, "order_by":"", "can_delete":1},
 {"id":322, "group_id":1, "parent_id":26, "type":"option", "name":"Goi\u00e1s (GO)", "description":"", "is_required":0, "is_default_option":0, "field_order":0, "option_order":9, "order_by":"", "can_delete":1},
 {"id":323, "group_id":1, "parent_id":26, "type":"option", "name":"Maranh\u00e3o (MA)", "description":"", "is_required":0, "is_default_option":0, "field_order":0, "option_order":10, "order_by":"", "can_delete":1},
 {"id":324, "group_id":1, "parent_id":26, "type":"option", "name":"Mato Grosso (MT)", "description":"", "is_required":0, "is_default_option":0, "field_order":0, "option_order":11, "order_by":"", "can_delete":1},
 {"id":325, "group_id":1, "parent_id":26, "type":"option", "name":"Mato Grosso do Sul (MS)", "description":"", "is_required":0, "is_default_option":0, "field_order":0, "option_order":12, "order_by":"", "can_delete":1},
 {"id":326, "group_id":1, "parent_id":26, "type":"option", "name":"Minas Gerais (MG)", "description":"", "is_required":0, "is_default_option":0, "field_order":0, "option_order":13, "order_by":"", "can_delete":1},
 {"id":327, "group_id":1, "parent_id":26, "type":"option", "name":"Par\u00e1 (PA)", "description":"", "is_required":0, "is_default_option":0, "field_order":0, "option_order":14, "order_by":"", "can_delete":1},
 {"id":328, "group_id":1, "parent_id":26, "type":"option", "name":"Para\u00edba (PB)", "description":"", "is_required":0, "is_default_option":0, "field_order":0, "option_order":15, "order_by":"", "can_delete":1},
 {"id":329, "group_id":1, "parent_id":26, "type":"option", "name":"Paran\u00e1 (PR)", "description":"", "is_required":0, "is_default_option":0, "field_order":0, "option_order":16, "order_by":"", "can_delete":1},
 {"id":330, "group_id":1, "parent_id":26, "type":"option", "name":"Pernambuco (PE)", "description":"", "is_required":0, "is_default_option":0, "field_order":0, "option_order":17, "order_by":"", "can_delete":1},
 {"id":331, "group_id":1, "parent_id":26, "type":"option", "name":"Piau\u00ed (PI)", "description":"", "is_required":0, "is_default_option":0, "field_order":0, "option_order":18, "order_by":"", "can_delete":1},
 {"id":332, "group_id":1, "parent_id":26, "type":"option", "name":"Rio de Janeiro (RJ)", "description":"", "is_required":0, "is_default_option":0, "field_order":0, "option_order":19, "order_by":"", "can_delete":1},
 {"id":333, "group_id":1, "parent_id":26, "type":"option", "name":"Rio Grande do Norte (RN)", "description":"", "is_required":0, "is_default_option":0, "field_order":0, "option_order":20, "order_by":"", "can_delete":1},
 {"id":334, "group_id":1, "parent_id":26, "type":"option", "name":"Rio Grande do Sul (RS)", "description":"", "is_required":0, "is_default_option":0, "field_order":0, "option_order":21, "order_by":"", "can_delete":1},
 {"id":335, "group_id":1, "parent_id":26, "type":"option", "name":"Rond\u00f4nia (RO)", "description":"", "is_required":0, "is_default_option":0, "field_order":0, "option_order":22, "order_by":"", "can_delete":1},
 {"id":336, "group_id":1, "parent_id":26, "type":"option", "name":"Roraima (RR)", "description":"", "is_required":0, "is_default_option":0, "field_order":0, "option_order":23, "order_by":"", "can_delete":1},
 {"id":337, "group_id":1, "parent_id":26, "type":"option", "name":"Santa Catarina (SC)", "description":"", "is_required":0, "is_default_option":0, "field_order":0, "option_order":24, "order_by":"", "can_delete":1},
 {"id":338, "group_id":1, "parent_id":26, "type":"option", "name":"S\u00e3o Paulo (SP)", "description":"", "is_required":0, "is_default_option":0, "field_order":0, "option_order":25, "order_by":"", "can_delete":1},
 {"id":339, "group_id":1, "parent_id":26, "type":"option", "name":"Sergipe (SE)", "description":"", "is_required":0, "is_default_option":0, "field_order":0, "option_order":26, "order_by":"", "can_delete":1},
 {"id":340, "group_id":1, "parent_id":26, "type":"option", "name":"Tocantins (TO)", "description":"", "is_required":0, "is_default_option":0, "field_order":0, "option_order":27, "order_by":"", "can_delete":1},
 {"id":341, "group_id":6, "parent_id":0, "type":"textarea", "name":"Experi\u00eancias", "description":"Nome da Empresa\r\nCargo Ocupado\r\nPer\u00edodo (Data de In\u00edcio - Data de Sa\u00edda)\r\nPrincipais Atividades e Responsabilidades", "is_required":0, "is_default_option":0, "field_order":601, "option_order":0, "order_by":"", "can_delete":1},
 {"id":342, "group_id":6, "parent_id":0, "type":"textarea", "name":"Experi\u00eancias", "description":"Nome da Empresa\r\nCargo Ocupado\r\nPer\u00edodo (Data de In\u00edcio - Data de Sa\u00edda)\r\nPrincipais Atividades e Responsabilidades", "is_required":0, "is_default_option":0, "field_order":701, "option_order":0, "order_by":"", "can_delete":1},
 {"id":343, "group_id":6, "parent_id":0, "type":"textarea", "name":"Experi\u00eancias", "description":"Nome da Empresa\r\nCargo Ocupado\r\nPer\u00edodo (Data de In\u00edcio - Data de Sa\u00edda)\r\nPrincipais Atividades e Responsabilidades", "is_required":0, "is_default_option":0, "field_order":801, "option_order":0, "order_by":"", "can_delete":1},
 {"id":344, "group_id":6, "parent_id":0, "type":"textarea", "name":"Experi\u00eancias", "description":"Nome da Empresa\r\nCargo Ocupado\r\nPer\u00edodo (Data de In\u00edcio - Data de Sa\u00edda)\r\nPrincipais Atividades e Responsabilidades", "is_required":0, "is_default_option":0, "field_order":901, "option_order":0, "order_by":"", "can_delete":1},
 {"id":345, "group_id":6, "parent_id":0, "type":"textarea", "name":"Experi\u00eancias", "description":"Nome da Empresa\r\nCargo Ocupado\r\nPer\u00edodo (Data de In\u00edcio - Data de Sa\u00edda)\r\nPrincipais Atividades e Responsabilidades", "is_required":0, "is_default_option":0, "field_order":1001, "option_order":0, "order_by":"", "can_delete":1},
 {"id":346, "group_id":6, "parent_id":0, "type":"textarea", "name":"Experi\u00eancias", "description":"Nome da Empresa\r\nCargo Ocupado\r\nPer\u00edodo (Data de In\u00edcio - Data de Sa\u00edda)\r\nPrincipais Atividades e Responsabilidades", "is_required":0, "is_default_option":0, "field_order":1101, "option_order":0, "order_by":"", "can_delete":1},
 {"id":347, "group_id":1, "parent_id":0, "type":"datebox", "name":"Data de Nascimento", "description":"Preencha esse campo para que seu nome apare\u00e7a na coluna de aniversariantes ", "is_required":0, "is_default_option":0, "field_order":3, "option_order":0, "order_by":"", "can_delete":1},
 {"id":348, "group_id":2, "parent_id":0, "type":"textarea", "name":"Forma\u00e7\u00e3o Acad\u00eamica (Gradua\u00e7\u00e3o, P\u00f3s, Mestrado, Doutorado, etc.)", "description":"Escreva em internamente todas as suas forma\u00e7\u00f5es Acad\u00eamicas. Pode colocar mais de uma!\r\nEx:\r\nInstitui\u00e7\u00e3o\r\nCurso\r\nAno de Conclus\u00e3o", "is_required":0, "is_default_option":0, "field_order":701, "option_order":0, "order_by":"", "can_delete":1},
 {"id":349, "group_id":2, "parent_id":0, "type":"textarea", "name":"Certifica\u00e7\u00f5es Profissionais (Ex: ITIL, PMP, AWS, etc.)", "description":"Coloque cada certifica\u00e7\u00e3o seguindo o padr\u00e3o abaixo:\r\nEx:\r\nNome da Certifica\u00e7\u00e3o\r\nInstitui\u00e7\u00e3o Emitente\r\nData de Conclus\u00e3o\r\nValidade (se houver)", "is_required":0, "is_default_option":0, "field_order":702, "option_order":0, "order_by":"", "can_delete":1},
 {"id":350, "group_id":2, "parent_id":0, "type":"textarea", "name":"Forma\u00e7\u00e3o Acad\u00eamica (Gradua\u00e7\u00e3o, P\u00f3s, Mestrado, Doutorado, etc.)", "description":"Escreva em internamente todas as suas forma\u00e7\u00f5es Acad\u00eamicas. Pode colocar mais de uma!\r\nEx:\r\nInstitui\u00e7\u00e3o\r\nCurso\r\nAno de Conclus\u00e3o", "is_required":0, "is_default_option":0, "field_order":801, "option_order":0, "order_by":"", "can_delete":1},
 {"id":351, "group_id":2, "parent_id":0, "type":"textarea", "name":"Certifica\u00e7\u00f5es Profissionais (Ex: ITIL, PMP, AWS, etc.)", "description":"Coloque cada certifica\u00e7\u00e3o seguindo o padr\u00e3o abaixo:\r\nEx:\r\nNome da Certifica\u00e7\u00e3o\r\nInstitui\u00e7\u00e3o Emitente\r\nData de Conclus\u00e3o\r\nValidade (se houver)", "is_required":0, "is_default_option":0, "field_order":802, "option_order":0, "order_by":"", "can_delete":1},
 {"id":352, "group_id":2, "parent_id":0, "type":"textarea", "name":"Forma\u00e7\u00e3o Acad\u00eamica (Gradua\u00e7\u00e3o, P\u00f3s, Mestrado, Doutorado, etc.)", "description":"Escreva em internamente todas as suas forma\u00e7\u00f5es Acad\u00eamicas. Pode colocar mais de uma!\r\nEx:\r\nInstitui\u00e7\u00e3o\r\nCurso\r\nAno de Conclus\u00e3o", "is_required":0, "is_default_option":0, "field_order":901, "option_order":0, "order_by":"", "can_delete":1},
 {"id":353, "group_id":2, "parent_id":0, "type":"textarea", "name":"Certifica\u00e7\u00f5es Profissionais (Ex: ITIL, PMP, AWS, etc.)", "description":"Coloque cada certifica\u00e7\u00e3o seguindo o padr\u00e3o abaixo:\r\nEx:\r\nNome da Certifica\u00e7\u00e3o\r\nInstitui\u00e7\u00e3o Emitente\r\nData de Conclus\u00e3o\r\nValidade (se houver)", "is_required":0, "is_default_option":0, "field_order":902, "option_order":0, "order_by":"", "can_delete":1},
 {"id":354, "group_id":2, "parent_id":0, "type":"textarea", "name":"Forma\u00e7\u00e3o Acad\u00eamica (Gradua\u00e7\u00e3o, P\u00f3s, Mestrado, Doutorado, etc.)", "description":"Escreva em internamente todas as suas forma\u00e7\u00f5es Acad\u00eamicas. Pode colocar mais de uma!\r\nEx:\r\nInstitui\u00e7\u00e3o\r\nCurso\r\nAno de Conclus\u00e3o", "is_required":0, "is_default_option":0, "field_order":1001, "option_order":0, "order_by":"", "can_delete":1},
 {"id":355, "group_id":2, "parent_id":0, "type":"textarea", "name":"Certifica\u00e7\u00f5es Profissionais (Ex: ITIL, PMP, AWS, etc.)", "description":"Coloque cada certifica\u00e7\u00e3o seguindo o padr\u00e3o abaixo:\r\nEx:\r\nNome da Certifica\u00e7\u00e3o\r\nInstitui\u00e7\u00e3o Emitente\r\nData de Conclus\u00e3o\r\nValidade (se houver)", "is_required":0, "is_default_option":0, "field_order":1002, "option_order":0, "order_by":"", "can_delete":1}]